agriprod_code,agriprod_name,link,lucas_lc_code,lucas_lc_name,lucas_lu_code,lucas_lu_name
ARA,Arable land,,,,,
C0000,Cereals for the production of grain (including seed),=,B10,CEREALS,U111,AgricultureU111,Agriculture
C1000,Cereals (excluding rice) for the production of grain (including seed),,,,U111,Agriculture
C1110,Common wheat and spelt,>,B11,Common wheat,U111,Agriculture
C1111,Common winter wheat and spelt,>,B11,Common wheat,U111,Agriculture
C1112,Common spring wheat and spelt,>,B11,Common wheat,U111,Agriculture
C1120,Durum wheat,=,B12,Durum Wheat,U111,Agriculture
C1121,Winter durum wheat,<,B12,Durum Wheat,U111,Agriculture
C1122,Spring durum wheat,<,B12,Durum Wheat,U111,Agriculture
C1210,Rye,=,B14,Rye,U111,Agriculture
C1211,Winter rye,<,B14,Rye,U111,Agriculture
C1212,Spring rye,<,B14,Rye,U111,Agriculture
C1220,Winter cereal mixtures (maslin),>,B14,Rye,U111,Agriculture
C1300,Barley,=,B13,Barley,U111,Agriculture
C1310,Winter barley,<,B13,Barley,U111,Agriculture
C1320,Spring barley,<,B13,Barley,U111,Agriculture
C1320M,Malting barley,<,B13,Barley,U111,Agriculture
C1410,Oats,=,B15,Oats,U111,Agriculture
C1420,Spring cereal mixtures (mixed grain other than maslin),>,B15,Oats,U111,Agriculture
C1500,Grain maize and corn-cob-mix,<,B16,Maize,U111,Agriculture
C1600,Triticale,=,B18,Triticale,U111,Agriculture
C1610,Winter triticale,<,B18,Triticale,U111,Agriculture
C1700,Sorghum,<,B19,Other cereals,U111,Agriculture
C1900,"Other cereals n.e.c. (buckwheat, millet, canary seed, etc.)",<,B19,Other cereals,U111,Agriculture
C1900T,"Other cereals n.e.c. (buckwheat, millet, canary seed, etc.) - outdoor",<,B19,Other cereals,U111,Agriculture
C1990,"Other cereals n.e.c. (millet, canary seed, etc.)",<,B19,Other cereals,U111,Agriculture
C2000,Rice,=,B17,Rice,U111,Agriculture
E0000,Seeds and seedlings,,,,U111,Agriculture
F0000,"Fruits, berries and nuts (excluding citrus fruits, grapes and strawberries)",~,B70,PERMANENT CROPS: FRUIT TREES,U111,Agriculture
F1100,Pome fruits,,,,U111,Agriculture
F1110,Apples,=,B71,Apple fruit,U111,Agriculture
F1120,Pears,=,B72,Pear fruit,U111,Agriculture
F1190,Other pome fruits n.e.c.,~,B75,Other fruit trees and berries,U111,Agriculture
F1191,Quinces,<,B75,Other fruit trees and berries,U111,Agriculture
F1210,Peaches,<,B75i,"Peach, nectarine, platerine",U111,Agriculture
F1220,Nectarines,<,B75i,"Peach, nectarine, platerine",U111,Agriculture
F1230,Apricots,=,B75a,Apricots,U111,Agriculture
F1240,Cherries,=,B73,Cherry fruit,U111,Agriculture
F1250,Plums,=,B75k,Plums,U111,Agriculture
F2100,Figs,=,B75c,Figs,U111,Agriculture
F2200,Kiwis,=,B75e,Kiwi,U111,Agriculture
F2300,Avocados,<,B75q,Tropical fruit,U111,Agriculture
F2900,Other fruits from subtropical and tropical climate zones n.e.c.,~,B75q,Tropical fruit,U111,Agriculture
F3000,Berries (excluding strawberries),<,B75p,Small fruits and berries,U111,Agriculture
F3100,Currants,<,B75p,Small fruits and berries,U111,Agriculture
F3110,Blackcurrants,<,B75p,Small fruits and berries,U111,Agriculture
F3120,Red currants,<,B75r,Other fruit trees and berries n.e.c.,U111,Agriculture
F3200,Raspberries,<,B75p,Small fruits and berries,U111,Agriculture
F3300,Blueberries,<,B75p,Small fruits and berries,U111,Agriculture
F3900,Other berries n.e.c.,<,B75r,Other fruit trees and berries n.e.c.,U111,Agriculture
F3910,Gooseberries,<,B75r,Other fruit trees and berries n.e.c.,U111,Agriculture
F4000,Nuts,=,B74,Nuts trees,U111,Agriculture
F4100,Walnuts,<,B74,Nuts trees,U111,Agriculture
F4200,Hazelnuts,<,B74,Nuts trees,U111,Agriculture
F4300,Almonds,<,B74,Nuts trees,U111,Agriculture
F4400,Chestnuts,<,B74,Nuts trees,U111,Agriculture
F4900,Other nuts n.e.c.,<,B74,Nuts trees,U111,Agriculture
F4910,Pistachios,<,B74,Nuts trees,U111,Agriculture
FA9,Other areas on the farms,,,,U111,Agriculture
FOP,Forage plants,,,,U111,Agriculture
G1000,Temporary grasses and grazings,=,B55,Temporary grasslands,U111,Agriculture
G2000,Leguminous plants harvested green,~,B53,Other leguminous and mixtures for fodder,U111,Agriculture
G2100,Lucerne,=,B52,Lucerne,U111,Agriculture
G2900,Other leguminous plants harvested green n.e.c. (clover etc.),~,B50,FODDER CROPS,U111,Agriculture
G2910,Clover and mixtures,>,B51,Clovers,U111,Agriculture
G3000,Green maize,<,B16,Maize,U111,Agriculture
G9100,Other cereals harvested green (excluding green maize),,,,U111,Agriculture
G9900,Other plants harvested green from arable land n.e.c.,,,,U111,Agriculture
H9000,Other permanent crops for human consumption n.e.c.,,B84,Permanent industrial crops,U111,Agriculture
H9100,Carobs,<,B84k,Other permanent industrial crops,U111,Agriculture
I0000,Industrial crops,<,B30,NON-PERMANENT INDUSTRIAL CROPS,U111,Agriculture
I1100,Oilseeds,<,B30,NON-PERMANENT INDUSTRIAL CROPS,U111,Agriculture
I1110,Rape and turnip rape seeds,=,B32,Rape and turnip rape,U111,Agriculture
I1111,Winter rape and turnip rape seeds,<,B32,Rape and turnip rape,U111,Agriculture
I1112,Spring rape and turnip rape seeds,<,B32,Rape and turnip rape,U111,Agriculture
I1120,Sunflower seed,=,B31,Sunflower,U111,Agriculture
I1130,Soya,=,B33,Soya,U111,Agriculture
I1140,Linseed (oil flax),<,B35a,Flax,U111,Agriculture
I1150,Cotton seed,<,B34,Cotton,U111,Agriculture
I1190,Other oilseed crops n.e.c.,~,B35,Other fibre and oleaginous crops,U111,Agriculture
I1190T,Other oilseeds and oleaginous fruits - outdoor,~,B35,Other fibre and oleaginous crops,U111,Agriculture
I1920AM,Poppy (seeds),=,B35c,Poppy seeds,U111,Agriculture
I2000,Fibre crops,<,B35,Other fibre and oleaginous crops,U111,Agriculture
I2100,Fibre flax,<,B35a,Flax,U111,Agriculture
I2200,Hemp,=,B35b,Hemp,U111,Agriculture
I2300,Cotton fibre,<,B34,Cotton,U111,Agriculture
I3000,Tobacco,=,B36,Tobacco,U111,Agriculture
I4000,Hops,=,B37b,Hops,U111,Agriculture
I5000,"Aromatic, medicinal and culinary plants",~,B37,Other non permanent industrial crops,U111,Agriculture
I6000,Energy crops n.e.c.,<,B84,Permanent industrial crops,U111,Agriculture
I9000,Other industrial crops n.e.c.,~,B37,Other non permanent industrial crops,U111,Agriculture
J0000,Permanent grassland,>,E20,Permanent grassland without tree/shrub cover,U111,Agriculture
K0000,Kitchen gardens,,,,U113,Kitchen garden
L0000,Nurseries,=,B83,Nurseries,U111,Agriculture
L0000,Nurseries,=,B83,Nurseries,U111,Agriculture
N0000,Flowers and ornamental plants (excluding nurseries),=,B44,Floriculture and ornamental plants,U111,Agriculture
N1001P,Azaleas - potted,<,B44,Floriculture and ornamental plants,U111,Agriculture
N1008P,Begonia - potted,<,B44,Floriculture and ornamental plants,U111,Agriculture
N1009,Roses,<,B44,Floriculture and ornamental plants,U111,Agriculture
N1012,Chrysanthemums,<,B44,Floriculture and ornamental plants,U111,Agriculture
N1013,Gladioli,<,B44,Floriculture and ornamental plants,U111,Agriculture
N1014,Tulips,<,B44,Floriculture and ornamental plants,U111,Agriculture
N1016,Lilium,<,B44,Floriculture and ornamental plants,U111,Agriculture
NUAA,Unutilised agricultural area,,,,U111,Agriculture
O1000,Olives,=,B81,Olive groves,U111,Agriculture
P0000,Dry pulses and protein crops for the production of grain (including seed and mixtures of cereals and pulses),=,B41,Dry pulses,U111,Agriculture
P1100,Field peas,<,B41,Dry pulses,U111,Agriculture
P1200,Broad and field beans,<,B41,Dry pulses,U111,Agriculture
P1300,Sweet lupins,<,B41,Dry pulses,U111,Agriculture
P9000,"Other dry pulses and protein crops n.e.c. (lentils, chickpeas, vetches, etc.)",<,B41,Dry pulses,U111,Agriculture
P9100,Lentils,<,B41,Dry pulses,U111,Agriculture
P9200,Chickpeas,<,B41,Dry pulses,U111,Agriculture
PECR,Permanent crops,>,B70,PERMANENT CROPS: FRUIT TREES,U111,Agriculture
PECR,Permanent crops,~,B80,Other permanent crops,U111,Agriculture
PECR9,Other permanent crops,,,,U111,Agriculture
Q0000,Fallow land,,,,U112,Fallow land
Q0000,Fallow land,,,,U112,Fallow land
R1000,Potatoes (including seed potatoes),=,B21,Potatoes,U111,Agriculture
R2000,Sugar beet (excluding seed),=,B22,Sugar beet,U111,Agriculture
R9000,Other root crops n.e.c.,,B23,Other root crops,U111,Agriculture
R9100,Fodder root crops (including forage beet),,B50,FODDER CROPS,U111,Agriculture
S0000,Strawberries,=,B45,Strawberries,U111,Agriculture
SRCAA,Short rotation coppice areas,,C10,Broadleaved woodland,U120,Forestry
SRCAA,Short rotation coppice areas,,C10,Broadleaved woodland,U120,Forestry
T0000,Citrus fruits,>,B76,Oranges,U111,Agriculture
T0000,Citrus fruits,>,B77,Other citrus fruit,U111,Agriculture
T1000,Oranges,=,B76,Oranges,U111,Agriculture
T2200,Clementines,=,B77h,Clementines,U111,Agriculture
T2910,Mandarins,=,B77g,Mandarines,U111,Agriculture
T3000,Lemons and acid limes,>,B77d,Lemons,U111,Agriculture
T3000,Lemons and acid limes,>,B77e,Limes,U111,Agriculture
T9000,Other citrus fruits n.e.c.,~,B77,Other citrus fruit,U111,Agriculture
U1000,Cultivated mushrooms,,B43,Other fresh vegetables,U111,Agriculture
UAAS,Utilised agricultural area - under glass or high accessible cover,,A13,Greenhouses,U111,Agriculture
V0000,Fresh vegetables (including melons),~,B43,Other fresh vegetables,U111,Agriculture
V1000,Brassicas,=,B43a,Brassicas,U111,Agriculture
V1110,Cauliflower,<,B43a,Brassicas,U111,Agriculture
V1120,Broccoli,<,B43a,Brassicas,U111,Agriculture
V1200,Brussels sprouts,<,B43a,Brassicas,U111,Agriculture
V1310,White cabbage,<,B43a,Brassicas,U111,Agriculture
V1320,Red cabbage,<,B43a,Brassicas,U111,Agriculture
V1330,Savoy cabbage,<,B43a,Brassicas,U111,Agriculture
V1900,Other brassicas n.e.c,<,B43a,Brassicas,U111,Agriculture
V1910,Kohlrabi,<,B43a,Brassicas,U111,Agriculture
V1920,Chinese cabbage,<,B43a,Brassicas,U111,Agriculture
V2000,Leafy and stalked vegetables (excluding brassicas),=,B43b,Leaf and stalked vegetables other than brassicas,U111,Agriculture
V2100,Leeks,<,B43b,Leaf and stalked vegetables other than brassicas,U111,Agriculture
V2200,Celery,<,B43b,Leaf and stalked vegetables other than brassicas,U111,Agriculture
V2300,Lettuces,<,B43b,Leaf and stalked vegetables other than brassicas,U111,Agriculture
V2310,Iceberg lettuce,<,B43b,Leaf and stalked vegetables other than brassicas,U111,Agriculture
V2400,Endives,<,B43b,Leaf and stalked vegetables other than brassicas,U111,Agriculture
V2500,Spinach,<,B43b,Leaf and stalked vegetables other than brassicas,U111,Agriculture
V2600,Asparagus,<,B43b,Leaf and stalked vegetables other than brassicas,U111,Agriculture
V2700,Chicory,<,B43b,Leaf and stalked vegetables other than brassicas,U111,Agriculture
V2800,Artichokes,<,B43b,Leaf and stalked vegetables other than brassicas,U111,Agriculture
V2900,Other leafy or stalked vegetables n.e.c.,<,B43b,Leaf and stalked vegetables other than brassicas,U111,Agriculture
V3000,Vegetables cultivated for fruit (including melons),>,B43e,"Vegetabales cultivated for fruit, other than tomatoes",U111,Agriculture
V3000,Vegetables cultivated for fruit (including melons),>,B42,Tomatoes,U111,Agriculture
V3100,Tomatoes,=,B42,Tomatoes,U111,Agriculture
V3200,Cucumbers,<,B43e,"Vegetabales cultivated for fruit, other than tomatoes",U111,Agriculture
V3300,Gherkins,<,B43e,"Vegetabales cultivated for fruit, other than tomatoes",U111,Agriculture
V3410,Eggplants,<,B43e,"Vegetabales cultivated for fruit, other than tomatoes",U111,Agriculture
V3420,Courgettes and marrows,<,B43e,"Vegetabales cultivated for fruit, other than tomatoes",U111,Agriculture
V3430,Gourds and pumpkins,<,B43e,"Vegetabales cultivated for fruit, other than tomatoes",U111,Agriculture
V3510,Muskmelons,<,B43e,"Vegetabales cultivated for fruit, other than tomatoes",U111,Agriculture
V3520,Watermelons,<,B43e,"Vegetabales cultivated for fruit, other than tomatoes",U111,Agriculture
V3600,Peppers (capsicum),<,B43e,"Vegetabales cultivated for fruit, other than tomatoes",U111,Agriculture
V3610,Red peppers (capsicum),<,B43e,"Vegetabales cultivated for fruit, other than tomatoes",U111,Agriculture
V3900,Other vegetables cultivated for fruit n.e.c.,~,B43h,Other fresh vegetables n.e.c.,U111,Agriculture
V4000,"Root, tuber and bulb vegetables",=,B23,Other root crops,U111,Agriculture
V4100,Carrots,=,B23d,Carrots,U111,Agriculture
V4210,Onions,<,B23n,Other root or tuber crops n.e.c.,U111,Agriculture
V4220,Shallots,<,B23n,Other root or tuber crops n.e.c.,U111,Agriculture
V4300,Beetroot,<,B23n,Other root or tuber crops n.e.c.,U111,Agriculture
V4400,Celeriac,<,B43,Other fresh vegetables,U111,Agriculture
V4500,Radishes,<,B23n,Other root or tuber crops n.e.c.,U111,Agriculture
V4600,Garlic,<,B23n,Other root or tuber crops n.e.c.,U111,Agriculture
V4900,"Other root, tuber and bulb vegetables n.e.c.",~,B23n,Other root or tuber crops n.e.c.,U111,Agriculture
V4910,Turnips,=,B23e,Turnips,U111,Agriculture
V4920,Fennel,<,B37d,Spices and aromatic plants,U111,Agriculture
V4930,Salsifies and scorzonera,?,B43,Other fresh vegetables,U111,Agriculture
V5100,Fresh peas,<,B43c,"Leguminous vegetables, including production for tins",U111,Agriculture
V5200,Fresh beans,<,B43c,"Leguminous vegetables, including production for tins",U111,Agriculture
W1000,Grapes,<,B82,Vineyards,U111,Agriculture
W1100,Grapes for wines,<,B82,Vineyards,U111,Agriculture
W1200,Grapes for table use,<,B82,Vineyards,U111,Agriculture
W1300,Grapes for raisins,<,B82,Vineyards,U111,Agriculture
WA,Wooded areas,<,C00,Woodland,,U120,Forestry
